network_method	network_db	network_cutoff	experiment_info	module	significant	p_value	term_size	query_size	intersection_size	precision	recall	term_id	source	term_name	effective_domain_size	source_order	parents	perc_rank	cumelative_dist	P	N	tp	fp	fn	tn	tot_pop_valid	MCC	pval_rank	go_slim_pir	genes	row_rank_p	row_rank_mcc	top_go	top_kegg	top_reac
R1	humanbase	0.2	network_modules	4	TRUE	0.002194409615158819	4	10	2	0.2	0.5	GO:0045627	GO:BP	positive regulation of T-helper 1 cell differentiation	16175	11478		0	0.25	4	16171	2	8	2	16163	16175	0.3159735061817264	1	GO:0050789	ENSG00000135046;ENSG00000196433;ENSG00000121594;ENSG00000117984;ENSG00000138166;ENSG00000123388;ENSG00000160191;ENSG00000055332;ENSG00000128016;ENSG00000198408	1	1	GO:0045627	-	-
R1	humanbase	0.2	network_modules	5	TRUE	0.0028937507881010263	47	10	3	0.3	0.06382978723404255	GO:0046596	GO:BP	regulation of viral entry into host cell	16175	12246		0	0.3333333333333333	47	16128	3	7	44	16121	16175	0.13728134983042622	1	GO:0050789	ENSG00000172270;ENSG00000204209;ENSG00000132031;ENSG00000140564;ENSG00000143106;ENSG00000198911;ENSG00000132274;ENSG00000080986;ENSG00000105677;ENSG00000167005	1	1	GO:0046596	-	-
R1	humanbase	0.2	network_modules	11	TRUE	0.001258091079065584	3	13	2	0.15384615384615385	0.6666666666666666	REAC:R-HSA-8941333	REAC	RUNX2 regulates genes involved in differentiation of myeloid cells	10916	1929		0	0.125	3	10913	2	11	1	10902	10916	0.3199187039314686	1	NA	ENSG00000101144;ENSG00000124557;ENSG00000198668;ENSG00000159216;ENSG00000067955;ENSG00000062038;ENSG00000213923;ENSG00000167996;ENSG00000068971;ENSG00000084093;ENSG00000104419;ENSG00000130204;ENSG00000135316;ENSG00000162227	1	1	-	-	REAC:R-HSA-8941333
